"Status";"Bestellnummer";"Name";"Notiz";"Produzent";"Herkunft";"Einheit";"Nettopreis";"MwSt";"Pfand";"Gebindegroe√üe";"geschu1";"geschu2";"Kategorie"
;421118;"Chinakohl 421118";;"Holzer";"√ñsterreich";"500 g";0,9;10;;5;;;"Salat"
;421040;"Vogerlsalat 421040";;"Holzer";"√ñsterreich";"1 kg";16,2;10;;1;;;"Salat"
;421322;"Vogerlsalat 421322";;"Holzer";"√ñsterreich";"1 Tasse";1,95;10;;2;;;"Salat"
;421319;"Winterportulak 421319";;"Holzer";"√ñsterreich";"1 Tasse";1,8;10;;2;;;"Salat"
;421028;"Zuckerhut 421028";;"Holzer";"√ñsterreich";"500 g";1,5;10;;5;;;"Salat"
;423093;"Chinakohl 423093";;"Lamm";"√ñsterreich";"500 g";0,85;10;;6;;;"Salat"
;423022;"Zuckerhut 423022";;"Lamm";"√ñsterreich";"500 g";1;10;;6;;;"Salat"
;409106;"Zuckerhut 409106";;"Nachbars";"√ñsterreich";"500 g";1,2;10;;8;;;"Salat"
;430050;"Eichblatt rot 430050";;"Achleitner";"√ñsterreich";"1 Stk.";1,65;10;;12;;;"Salat"
;301776;"Salat Mischkiste saisonal 301776";;"Lutz";"√ñsterreich";"1 Stk.";2,25;10;;9;;;"Salat"
;430110;"Kresse 430110";;"Achleitner";"√ñsterreich";"1 Tasse";0,6;10;;9;;;"Kr√§uterbund"
;444170;"Kresse 444170";;"Biohandel";"√ñsterreich";"1 Tasse";0,7;10;;4;;;"Kr√§uterbund"
;430726;"Brokkolisprossen 430726";;"Achleitner";"√ñsterreich";"1 Tasse";1;10;;9;;;"Sprossen"
;430628;"Zuckermais vorgegart 430628";;"Achleitner";"√ñsterreich";"1 Pkg.";2,95;10;;8;;;"Weiteres"
;424002;"Shiitake 424002";;"Berner";"√ñsterreich";"1 Pkg.";9,2;10;;1;;;"Pilze"
;425003;"Champignon braun 425003";;"Holzinger";"√ñsterreich";"1 Tasse";8,95;10;;1;;;"Pilze"
;425002;"Champignon braun 425002";;"Holzinger";"√ñsterreich";"1 Tasse";8,55;10;;2;;;"Pilze"
;425001;"Champignon braun 425001";;"Holzinger";"√ñsterreich";"1 Tasse";8,15;10;;4;;;"Pilze"
;425007;"Champignon braun 425007";;"Holzinger";"√ñsterreich";"1 Tasse";1,85;10;;3;;;"Pilze"
;131002;"Zwiebel gelb 131002";;"Broschek";"√ñsterreich";"1 kg";1,4;10;;5;;;"Zwiebel"
;131026;"Zwiebel gelb gross 131026";;"Broschek";"√ñsterreich";"1 kg";1,35;10;;5;;;"Zwiebel"
;131012;"Zwiebel rot 131012";;"Broschek";"√ñsterreich";"1 kg";1,5;10;;5;;;"Zwiebel"
;426330;"Porree 426330";;"Fuchsloch";"Waldviertel";"1 Sk.";1,95;10;;4;;;"Zwiebel"
;426320;"Zwiebel gelb 426320";;"Fuchsloch";"Waldviertel";"1 Sk.";8,75;10;;2;;;"Zwiebel"
;421073;"Porree 421073";;"Holzer";"√ñsterreich";"500 g";1,85;10;;4;;;"Zwiebel"
;423101;"Zwiebel gelb 423101";;"Lamm";"√ñsterreich";"1 kg";1,35;10;;5;;;"Zwiebel"
;430370;"Knoblauch trocken 430370";;"Achleitner";"√ñsterreich";"1 kg";10;10;;3;;;"Zwiebel"
;444084;"Schalottenzwiebel 444084";;"Biohandel";"√ñsterreich";"1 kg";4,5;10;;2,5;;;"Zwiebel"
;301232;"Knoblauch 301232";;"Lutz";"√ñsterreich";"1 kg";10,2;10;;3;;;"Zwiebel"
;301432;"Lauch 301432";;"Lutz";"√ñsterreich";"1 kg";4,6;10;;2,5;;;"Zwiebel"
;301222;"Zwiebel gelb 301222";;"Lutz";"√ñsterreich";"1 kg";1,9;10;;5;;;"Zwiebel"
;421488;"K√ºrbis Crown Prince 421488";;"Holzer";"√ñsterreich";"1 kg";2,1;10;;5;;;"K√ºrbisse"
;409276;"Helloween K√ºrbis ca. 409276";;"Nachbars";"√ñsterreich";"1 kg";0,85;10;;6;;;"K√ºrbisse"
;409022;"K√ºrbis Mini Muskat 409022";;"Nachbars";"√ñsterreich";"1 kg";1,3;10;;10;;;"K√ºrbisse"
;409021;"K√ºrbis Muskat 409021";;"Nachbars";"√ñsterreich";"1 kg";1,2;10;;10;;;"K√ºrbisse"
;301340;"K√ºrbis Pattison 301340";;"Lutz";"√ñsterreich";"1 kg";1,95;10;;5;;;"K√ºrbisse"
;421130;"Braunschweigerkraut 421130";;"Holzer";"√ñsterreich";"1 kg";1,35;10;;5;;;"Kraut"
;421454;"Gr√ºnkohl rot 421454";;"Holzer";"√ñsterreich";"1 Bd.";1,65;10;;2;;;"Kraut"
;421220;"Kohl 421220";;"Holzer";"√ñsterreich";"500 g";0,9;10;;5;;;"Kraut"
;421541;"Kohlrabi Superschmelz 421541";;"Holzer";"√ñsterreich";"500 g";1,15;10;;5;;;"Kraut"
;421193;"Kraut weiss 421193";;"Holzer";"√ñsterreich";"1 kg";1,65;10;;5;;;"Kraut"
;423028;"Wei√økraut eher kleiner 423028";;"Lamm";"√ñsterreich";"1 kg";1,35;10;;5;;;"Kraut"
;409002;"Braunschweigerkraut 409002";;"Nachbars";"√ñsterreich";"1 kg";1,3;10;;5;;;"Kraut"
;409037;"Kohlrabi Superschmelz 409037";;"Nachbars";"√ñsterreich";"500 g";0,95;10;;12;;;"Kraut"
;444012;"Blaukraut 444012";;"Biohandel";"√ñsterreich";"1 kg";2,6;10;;5;;;"Kraut"
;424038;"Rote R√ºbe Chioggia (Rarit√§t) 424038";;"Berner";"√ñsterreich";"1 kg";2,95;10;;2,5;;;"Wurzelgem√ºse"
;424034;"Sellerie 424034";;"Berner";"√ñsterreich";"500 g";1,35;10;;5;;;"Wurzelgem√ºse"
;426786;"Karotten 426786";;"Fuchsloch";"Waldviertel";"1 Sk.";7,65;10;;2;;;"Wurzelgem√ºse"
;426778;"Karotten-Rote R√ºbe MIX 426778";;"Fuchsloch";"Waldviertel";"1 Sk.";7,65;10;;2;;;"Wurzelgem√ºse"
;426240;"Rote R√ºben 426240";;"Fuchsloch";"Waldviertel";"500 g";0,8;10;;8;;;"Wurzelgem√ºse"
;426769;"Rote R√ºben 426769";;"Fuchsloch";"Waldviertel";"1 Sk.";6,1;10;;2;;;"Wurzelgem√ºse"
;426326;"Suppengem√ºse mix 426326";;"Fuchsloch";"Waldviertel";"1 Sk.";3,55;10;;2;;;"Wurzelgem√ºse"
;426325;"Suppengem√ºse mix 426325";;"Fuchsloch";"Waldviertel";"1 Sk.";3,25;10;;4;;;"Wurzelgem√ºse"
;426328;"Suppengem√ºse mix 426328";;"Fuchsloch";"Waldviertel";"1 Sk.";1,8;10;;4;;;"Wurzelgem√ºse"
;421271;"Karotten 421271";;"Holzer";"√ñsterreich";"500 g";0,9;10;;6;;;"Wurzelgem√ºse"
;421376;"Karotten gelb 421376";;"Holzer";"√ñsterreich";"500 g";0,9;10;;6;;;"Wurzelgem√ºse"
;421460;"Kohlr√ºben 421460";;"Holzer";"√ñsterreich";"500 g";0,9;10;;3;;;"Wurzelgem√ºse"
;421349;"Rote R√ºben 421349";;"Holzer";"√ñsterreich";"500 g";0,9;10;;6;;;"Wurzelgem√ºse"
;421480;"Sellerie 421480";;"Holzer";"√ñsterreich";"500 g";1,25;10;;6;;;"Wurzelgem√ºse"
;421085;"Stoppelr√ºben 421085";;"Holzer";"√ñsterreich";"1 kg";1,8;10;;1,5;;;"Wurzelgem√ºse"
;421409;"S√ºsskartoel 421409";;"Holzer";"√ñsterreich";"500 g";2,25;10;;3;;;"Wurzelgem√ºse"
;423001;"Karotten 423001";;"Lamm";"√ñsterreich";"500 g";0,7;10;;10;;;"Wurzelgem√ºse"
;423055;"Karotten gelb 423055";;"Lamm";"√ñsterreich";"500 g";0,85;10;;10;;;"Wurzelgem√ºse"
;423091;"Karotten gro√ø 423091";;"Lamm";"√ñsterreich";"500 g";0,7;10;;10;;;"Wurzelgem√ºse"
;423016;"Pastinaken 423016";;"Lamm";"√ñsterreich";"500 g";0,9;10;;6;;;"Wurzelgem√ºse"
;423013;"Petersilienwurzel 423013";;"Lamm";"√ñsterreich";"1 kg";3,1;10;;5;;;"Wurzelgem√ºse"
;423049;"Rettich schwarz 423049";;"Lamm";"√ñsterreich";"1 kg";1,65;10;;2;;;"Wurzelgem√ºse"
;423010;"Rote R√ºben 423010";;"Lamm";"√ñsterreich";"500 g";0,7;10;;10;;;"Wurzelgem√ºse"
;423019;"Sellerie 423019";;"Lamm";"√ñsterreich";"500 g";0,9;10;;10;;;"Wurzelgem√ºse"
;41072;"Karotten ungewaschen 41072";;"Ruprecht";"Waldviertel";"500 g";0,85;10;;10;;;"Wurzelgem√ºse"
;10260;"Rettich schwarz 10260";;"Wansch";"Waldviertel";"1 kg";1,95;10;;1;;;"Wurzelgem√ºse"
;430574;"Rote R√ºben Rarit√§ten Chioggia 430574";;"Achleitner";"√ñsterreich";"500 g";0,95;10;;10;;;"Wurzelgem√ºse"
;430174;"Suppengem√ºse 430174";;"Achleitner";"√ñsterreich";"1 Tasse";1,85;10;;10;;;"Wurzelgem√ºse"
;444314;"Gelbe R√ºben 444314";;"Biohandel";"√ñsterreich";"1 kg";1,8;10;;1,5;;;"Wurzelgem√ºse"
;444334;"Haferwurzel 444334";;"Biohandel";"√ñsterreich";"1 kg";4,55;10;;1,5;;;"Wurzelgem√ºse"
;444324;"Karotten violett Purple Haze 444324";;"Biohandel";"√ñsterreich";"500 g";0,9;10;;3;;;"Wurzelgem√ºse"
;444234;"Pastinaken 444234";;"Biohandel";"√ñsterreich";"500 g";1,25;10;;3;;;"Wurzelgem√ºse"
;444087;"Schwarzwurzel 444087";;"Biohandel";"√ñsterreich";"500 g";1,7;10;;6;;;"Wurzelgem√ºse"
;444152;"Topinampur 444152";;"Biohandel";"√ñsterreich";"500 g";1,6;10;;3;;;"Wurzelgem√ºse"
;301202;"Karotten 301202";;"Lutz";"√ñsterreich";"500 g";0,85;10;;10;;;"Wurzelgem√ºse"
;301243;"Kren 301243";;"Lutz";"√ñsterreich";"250 g";2,25;10;;8;;;"Wurzelgem√ºse"
;301322;"Peterwurzeln 301322";;"Lutz";"√ñsterreich";"500 g";1,8;10;;10;;;"Wurzelgem√ºse"
;301297;"Topinambur 301297";;"Lutz";"√ñsterreich";"500 g";1,65;10;;4;;;"Wurzelgem√ºse"
;15003;"Sauerkraut im K√ºbel, 15003";;"Vorlaufer";"Waldviertel";"1 K√º";9,3;10;;1;;;"Gem√ºse"
;220102;"Sauerkraut Glas 220102";;"Pepi`s";"√ñsterreich";"1 Gl.";1,8;10;;1;;;"Gem√ºse"
;220104;"Sauerkraut K√ºbel 220104";;"Pepi`s";"√ñsterreich";"1 K√º";18,2;10;;1;;;"Gem√ºse"
;220103;"Sauerkraut K√ºbel 220103";;"Pepi`s";"√ñsterreich";"1 K√º";9,8;10;;1;;;"Gem√ºse"
;426857;"Agria mk 426857";;"Fuchsloch";"√ñsterreich";"1 Sk.";2,05;10;;10;;;"Erd√§pfel"
;426862;"Agria mk 426862";;"Fuchsloch";"√ñsterreich";"1 Sk.";6,65;10;;2;;;"Erd√§pfel"
;426830;"Ditta fk 426830";;"Fuchsloch";"Waldviertel";"1 Sk.";6,65;10;;2;;;"Erd√§pfel"
;426870;"Hermes mk 426870";;"Fuchsloch";"√ñsterreich";"1 Sk.";6,65;10;;2;;;"Erd√§pfel"
;426864;"Hermes mk 426864";;"Fuchsloch";"√ñsterreich";"1 kg";1,35;10;;6;;;"Erd√§pfel"
;426858;"Heurige Agria mk 426858";;"Fuchsloch";"√ñsterreich";"1 Sk.";2,25;10;;5;;;"Erd√§pfel"
;10240;"Agria gro√ø mk 10240";;"Kargl";"Waldviertel";"1 kg";0,8;10;;5;;;"Erd√§pfel"
;10224;"Ditta fk 10224";;"Kargl";"Waldviertel";"1 kg";0,95;10;;5;;;"Erd√§pfel"
;10146;"Ditta gro√ø fk 10146";;"Kargl";"Waldviertel";"1 kg";0,8;10;;5;;;"Erd√§pfel"
;41027;"Agria gro√ø mk 41027";;"Ruprecht";"Waldviertel";"1 kg";0,8;10;;10;;;"Erd√§pfel"
;41007;"Agria klein mk 41007";;"Ruprecht";"Waldviertel";"1 kg";0,8;10;;10;;;"Erd√§pfel"
;41017;"Agria mittel mk 41017";;"Ruprecht";"Waldviertel";"1 kg";0,8;10;;10;;;"Erd√§pfel"
;41022;"Ditta gro√ø fk 41022";;"Ruprecht";"Waldviertel";"1 kg";0,8;10;;10;;;"Erd√§pfel"
;41002;"Ditta klein fk 41002";;"Ruprecht";"Waldviertel";"1 kg";0,8;10;;10;;;"Erd√§pfel"
;41012;"Ditta mittel fk 41012";;"Ruprecht";"Waldviertel";"1 kg";0,8;10;;10;;;"Erd√§pfel"
;41042;"Maritza rotschalig mittel 41042";;"Ruprecht";"Waldviertel";"1 kg";0,85;10;;10;;;"Erd√§pfel"
;22204;"Demeter Bionta vfk, 22204";;"Marksteine";"Waldviertel";"1 kg";1,25;10;;5;;;"Erd√§pfel"
;22201;"Demeter Ditta 22201";;"Marksteine";"Waldviertel";"1 kg";1,25;10;;5;;;"Erd√§pfel"
;7126;"Avanti gro√ø vfk 7126";;"Nusser";"Waldviertel";"1 kg";0,8;10;;5;;;"Erd√§pfel"
;7116;"Ditta gro√ø fk 7116";;"Nusser";"Waldviertel";"1 kg";0,8;10;;5;;;"Erd√§pfel"
;7112;"Heurige Ditta fk 7112";;"Nusser";"Waldviertel";"1 kg";1;10;;5;;;"Erd√§pfel"
;7114;"Jelly gro√ø mk 7114";;"Nusser";"Waldviertel";"1 kg";0,8;10;;5;;;"Erd√§pfel"
;421406;"Kartoel rotschalig Laura 421406";;"Holzer";"√ñsterreich";"1 kg";1,2;10;;2;;;"Erd√§pfel-Rarit√§ten"
;405507;"Apfel Arlet 405507";;"Bio-Obst";"√ñsterreich";"1 kg";2,25;10;;4;;;"Fr√ºchte"
;405018;"√Ñpfel f√ºr Verarbeitung 405018";;"Bio-Obst";"√ñsterreich";"1 kg";1,35;10;;4;;;"Fr√ºchte"
;405503;"Apfel Gala 405503";;"Bio-Obst";"√ñsterreich";"1 kg";2,25;10;;4;;;"Fr√ºchte"
;405008;"Apfel Gr√§n Goldach 405008";;"Bio-Obst";"√ñsterreich";"1 kg";2,25;10;;4;;;"Fr√ºchte"
;405515;"Apfel Topaz 405515";;"Bio-Obst";"√ñsterreich";"1 kg";2,25;10;;4;;;"Fr√ºchte"
;405512;"Birne Conference 405512";;"Bio-Obst";"√ñsterreich";"1 kg";3,65;10;;4;;;"Fr√ºchte"
;405001;"Tafel√§pfel Vielfaltkiste, Sorten 405001";;"Bio-Obst";"√ñsterreich";"1 kg";2,05;10;;14;;;"Fr√ºchte"
;405518;"Wirtschafts√§pfel 405518";;"Bio-Obst";"√ñsterreich";"1 kg";1,35;10;;4;;;"Fr√ºchte"
;422085;"Apfel Br√ºnnerling (Weinapfel) 422085";;"Kreuzwies";"√ñsterreich";"1 kg";2,25;10;;6;;;"Fr√ºchte"
;444196;"Apfel Topaz 444196";;"Biohandel";"√ñsterreich";"1 kg";2,15;10;;6,5;;;"Fr√ºchte"
;430654;"Waln√ºsse 430654";;"Achleitner";"√ñsterreich";"1 kg";8;10;;5;;;"getrocknete"
